rowid,hostname,pl_letter,cb_flag,sy_snum,sy_pnum,pl_orbper,pl_orbsmax,pl_rade,pl_bmasse,ra,dec,sy_dist,pl_eqt,st_lum,pl_dens,st_dens,st_age,st_teff,pl_esi
4738,L 98-59,b,0,1,4,2.2531136,0.02191,0.85,0.4,124.5328604,-68.3144658,10.6194,627.0,-1.948,3.6,12.8999,0.8,3415.0,0.6238622600460183
4743,LHS 1140,c,0,1,2,3.77794,0.027,1.272,1.91,11.248632,-15.2741085,14.9861,422.0,-2.42,5.1,25.8,5.0,3096.0,0.8624234158884222
251,GJ 3929,b,0,1,2,2.616235,0.0252,1.09,1.75,239.5775678,35.4081141,15.8095,568.0,-1.963,7.3,13.3,7.1,3384.0,0.879215830971272
4740,L 98-59,d,0,1,4,7.4507245,0.0486,1.521,1.94,124.5328604,-68.3144658,10.6194,416.0,-1.948,2.95,12.8999,0.8,3415.0,0.9333689156796914
4739,L 98-59,c,0,1,4,3.6906777,0.0304,1.385,2.22,124.5328604,-68.3144658,10.6194,553.0,-1.948,4.57,12.8999,0.8,3415.0,0.9638191543633404
1617,K2-3,c,0,1,3,24.646729,0.1357,1.582,2.68,172.3353708,-1.4551364,44.0727,372.0,-1.231,3.7,4.78,6.9,3844.0,1.0548640431882086
972,HD 260655,b,0,1,2,2.76953,0.02933,1.24,2.14,99.2915429,17.5662696,10.0055,709.0,-1.44,6.2,7.3,5.0,3803.0,1.1206129148472428
973,HD 260655,c,0,1,2,5.70588,0.04749,1.533,3.09,99.2915429,17.5662696,10.0055,557.0,-1.44,4.7,7.3,5.0,3803.0,1.1502310854842805
4742,LHS 1140,b,0,1,2,24.73723,0.0946,1.73,5.6,11.248632,-15.2741085,14.9861,226.0,-2.42,5.9,25.8,5.0,3096.0,1.18402286647607
4761,LTT 3780,b,0,2,2,0.76837931,0.01195,1.325,2.46,154.6449033,-11.717801,21.9814,903.0,-1.783,5.8,9.7842,3.1,3358.0,1.196051206183313
1388,K2-136,d,0,2,3,25.575,0.1538,1.565,3.0,67.4128615,22.8825674,59.2474,420.0,-0.777,4.3,3.3836,0.65,4500.0,1.2194712587686116
294,GJ 806,b,0,1,2,0.9263237,0.01406,1.331,1.9,311.2697002,44.5002351,12.0445,940.0,-1.585,4.4,8.6,5.0,3600.0,1.2448433327870612
5201,TOI-2136,b,0,1,1,7.851928,0.057,2.19,6.37,281.1763433,36.5631318,33.3631,395.0,-1.886,3.34,12.2,4.6,3342.0,1.3472057198733876
1616,K2-3,b,0,1,3,10.0546535,0.0747,2.078,5.11,172.3353708,-1.4551364,44.0727,501.0,-1.231,3.11,4.78,6.9,3844.0,1.3860614012534607
5334,TOI-4438,b,0,1,1,7.44628,0.0534,2.52,5.4,270.3172389,35.5948992,30.0346,435.0,-1.768,1.85,10.1,5.1,3422.0,1.396762790432774
5691,Wolf 327,b,0,1,1,0.5734745,0.01,1.24,2.53,148.3783199,35.570548,28.5321,996.0,-1.63,7.24,8.54,4.1,3542.0,1.4002616668055756
4762,LTT 3780,c,0,2,2,12.252284,0.0757,2.39,8.04,154.6449033,-11.717801,21.9814,359.0,-1.783,3.24,9.7842,3.1,3358.0,1.4544064483908572
5094,TOI-1467,b,0,1,1,5.97199,0.0495,1.676,9.0,19.1146441,49.2331382,37.4418,506.0,-1.42,11.0,6.6514,13.4,3776.0,1.4972901039983826
1386,K2-136,b,0,2,3,7.9752,0.0707,1.014,4.3,67.4128615,22.8825674,59.2474,610.0,-0.777,24.0,3.3836,0.65,4500.0,1.5390590712626822
5143,TOI-178,e,0,1,6,9.961881,0.0783,2.207,3.86,7.3020115,-30.4541159,62.699,600.0,-0.879,1.98,3.31,7.1,4316.0,1.5440035639330905
5115,TOI-1685,b,0,1,1,0.66913924,0.01138,1.468,3.03,68.5939529,43.0370395,37.6153,1062.0,-1.515,5.3,6.55,1.0,3575.0,1.5532817904676304
5145,TOI-178,g,0,1,6,20.7095,0.1275,2.87,3.94,7.3020115,-30.4541159,62.699,470.0,-0.879,0.915,3.31,7.1,4316.0,1.5726900344006038
910,GJ 143,c,0,1,2,7.78993,0.0695,0.892,3.7,51.7501882,-63.500166,16.32,701.0,-0.686,31.93,3.03,3.8,4640.0,1.6221185395845996
5144,TOI-178,f,0,1,6,15.231915,0.1039,2.287,7.72,7.3020115,-30.4541159,62.699,521.0,-0.879,3.6,3.31,7.1,4316.0,1.6511851546803114
5142,TOI-178,d,0,1,6,6.5577,0.0592,2.572,3.01,7.3020115,-30.4541159,62.699,690.0,-0.879,0.976,3.31,7.1,4316.0,1.7044334964649375
5009,TOI-1064,c,0,1,2,12.226574,0.09429,2.651,2.5,296.0039349,-47.5620305,68.0726,634.0,-0.623,0.77191,2.7069,9.4,4734.0,1.7582575711148063
5137,TOI-1759,b,0,1,1,18.85019,0.1177,3.14,10.8,326.8516615,62.7538164,40.0654,443.0,-1.057,1.91,3.949,5.0,4065.0,1.8263331208768587
5079,TOI-1411,b,0,1,1,1.4520527,0.02122,1.199,2.0,232.946047,47.0555507,32.4778,976.0,-1.013,6.36,3.6333,9.6,4115.0,1.82767914705153
5140,TOI-178,b,0,1,6,1.914558,0.02607,1.152,1.5,7.3020115,-30.4541159,62.699,1040.0,-0.879,5.4,3.31,7.1,4316.0,1.8699425270100447
5141,TOI-178,c,0,1,6,3.23845,0.037,1.669,4.77,7.3020115,-30.4541159,62.699,873.0,-0.879,5.62,3.31,7.1,4316.0,1.898278609706768
5177,TOI-2015,b,0,1,1,3.348968,0.0301,3.39,16.4,232.1326528,27.361073,47.3444,512.0,-1.979,2.32,12.98,1.1,3194.0,1.9378834532338691
5049,TOI-1260,d,0,1,3,16.608164,0.1116,3.12,11.84,157.1440712,65.8541986,73.5977,499.0,-0.889,2.14,3.43,6.7,4227.0,1.940667295418872
917,HD 219134,c,0,1,6,6.76458,0.0653,1.511,4.36,348.3372026,57.1696255,6.53127,782.0,-0.577,6.95,2.438,11.0,4699.0,1.9541403057092281
821,HD 191939,d,0,1,6,38.353037,0.2132,2.995,2.8,302.0256247,66.8503014,53.6089,540.0,-0.187,0.57,1.37,8.7,5348.0,1.985642479704019
626,HD 136352,d,0,1,3,107.245,0.425,2.562,8.82,230.4401147,-48.3188174,14.682,431.0,0.016,2.87811,1.0348,12.3,5664.0,2.004178620972197
5199,TOI-2134,b,0,1,2,9.2292005,0.078,2.69,9.13,271.9355015,39.0729269,22.6202,666.0,-0.717,2.607,2.9465,3.8,4580.0,2.046532625215933
5048,TOI-1260,c,0,1,3,7.493134,0.0657,2.76,13.2,157.1440712,65.8541986,73.5977,651.0,-0.889,3.45,3.43,6.7,4227.0,2.076581287220945
199,GJ 143,b,0,1,2,35.61253,0.1915,2.61,22.7,51.7501882,-63.500166,16.32,422.0,-0.686,7.0,3.03,3.8,4640.0,2.086055098151277
1387,K2-136,c,0,2,3,17.30713,0.1185,3.0,18.1,67.4128615,22.8825674,59.2474,470.0,-0.777,3.69,3.3836,0.65,4500.0,2.1250274493532886
5025,TOI-1184,b,0,1,1,5.748432,0.056,2.41,6.8,272.2045196,60.6787845,58.5946,715.0,-0.701,2.63,3.0026,5.3,4617.0,2.138126229882442
5036,TOI-1244,b,0,1,1,6.4003,0.061,2.376,6.6,256.279559,69.519093,102.551,715.0,-0.629,2.66,2.78,5.9,4722.0,2.187285819856386
5047,TOI-1260,b,0,1,3,3.127463,0.0367,2.41,8.56,157.1440712,65.8541986,73.5977,871.0,-0.889,3.35,3.43,6.7,4227.0,2.198331965289509
5429,TOI-757,b,0,1,1,17.46819,0.122,2.5,10.5,187.9948428,-35.5544523,60.3418,641.0,-0.377,3.6,2.4,7.5,5278.0,2.2661926302296
1327,HIP 9618,c,0,1,2,52.56363,0.269,3.429,7.0,30.9050061,21.2813274,67.5478,470.0,-0.072,1.0,1.4896,5.6,5649.0,2.3058396055806827
5136,TOI-1758,b,0,1,1,20.705127,0.138,3.557,6.9,354.741581,75.6852317,96.6215,551.0,-0.373,0.83,2.1265,7.5,5151.0,2.3191393391604915
5023,TOI-1180,b,0,1,1,9.686753,0.082,3.036,10.0,214.5557741,82.1937642,72.0238,638.0,-0.577,1.93,2.6608,5.0,4804.0,2.3208324826199296
869,HD 207897,b,0,1,1,16.20166,0.117,2.343,14.8,325.2016451,84.3337613,28.2938,582.0,-0.421,6.29,2.3804,4.7,5106.0,2.324844266589114
5158,TOI-1824,b,0,1,1,22.808533,0.151,2.744,16.0,197.7312286,61.7448492,59.4314,529.0,-0.373,4.24,2.3034,2.5,5165.0,2.330451537077652
955,HD 235088,b,0,1,1,7.434151,0.071,2.075,4.2,300.6154535,53.3774418,41.1706,754.0,-0.412,2.58,2.3406,3.4,5087.0,2.3555759065959303
5040,TOI-1246,e,0,1,4,37.92548,0.212,3.514,14.5,251.1158702,70.4299917,169.422,464.0,-0.301,1.83,1.9182,6.3,5213.0,2.3620101854787046
5039,TOI-1246,d,0,1,4,18.654874,0.132,3.431,5.4,251.1158702,70.4299917,169.422,588.0,-0.301,0.73,1.9182,6.3,5213.0,2.3879314284236717
820,HD 191939,c,0,1,6,28.579743,0.1752,3.195,8.0,302.0256247,66.8503014,53.6089,600.0,-0.187,1.35,1.37,8.7,5348.0,2.4014490363941827
1264,HIP 116454,b,0,2,1,9.1004157,0.0792,2.469,9.7,353.9543517,0.4447043,62.4491,753.0,-0.473,3.53,2.59,5.5,5048.0,2.409893418900477
5008,TOI-1064,b,0,1,2,6.443868,0.06152,2.587,13.5,296.0039349,-47.5620305,68.0726,784.0,-0.623,4.30062,2.7069,9.4,4734.0,2.467624323234853
5148,TOI-1798,b,0,1,2,8.02154,0.074,2.385,6.5,211.0939367,46.5192825,113.181,734.0,-0.416,2.61,2.4218,2.6,5106.0,2.4760794221069866
5190,TOI-2088,b,0,1,1,124.72997,0.472,3.683,37.0,261.3748943,75.8822796,126.46,300.0,-0.362,2.0,2.0537,4.5,5081.0,2.483127308446927
5045,TOI-125,d,0,1,3,19.98,0.137,2.93,13.6,23.5934253,-66.6763495,111.059,638.0,-0.285,2.98,1.99,6.8,5320.0,2.5200499098322005
5087,TOI-1443,b,0,1,1,23.540678,0.147,2.304,30.0,297.398678,76.1391776,85.8034,521.0,-0.42,14.0,2.4897,7.4,5224.0,2.533073967205608
5187,TOI-2076,d,0,1,3,35.125686,0.199,3.431,29.0,217.3920159,39.7903991,41.9091,458.0,-0.378,4.0,2.3628,2.7,5192.0,2.570293884138471
916,HD 219134,b,0,1,6,3.092926,0.03876,1.602,4.74,348.3372026,57.1696255,6.53127,1015.0,-0.577,6.34,2.438,11.0,4699.0,2.5978098834543863
5393,TOI-561,c,0,1,4,10.778831,0.0884,2.91,5.39,148.1851516,6.216103,85.799,800.0,-0.273,1.2,1.89,11.0,5372.0,2.7397237313248017
5185,TOI-2076,b,0,1,3,10.355096,0.088,2.771,16.1,217.3920159,39.7903991,41.9091,688.0,-0.378,4.1,2.3628,2.7,5192.0,2.7644187456462563
1123,HD 63935,c,0,1,2,21.4027,0.148,3.065,11.1,117.9246417,9.3852412,48.9739,620.0,-0.115,2.11,1.4863,6.6,5513.0,2.7865631563469893
1233,HD 95338,b,0,1,1,55.087,0.262,3.89,42.44,164.8563364,-56.6235564,36.9941,385.0,-0.31,3.98,1.6865,5.08,5212.0,2.8036383358824253
5044,TOI-125,c,0,1,3,9.15059,0.0814,2.759,6.63,23.5934253,-66.6763495,111.059,828.0,-0.285,1.73,1.99,6.8,5320.0,2.8266130405216074
1319,HIP 8152,c,0,1,2,19.60562,0.139,2.524,10.7,26.2092533,-18.4013844,101.694,651.0,-0.08,3.63,1.4775,6.0,5618.0,2.8325199021614296
1118,HD 63433,c,0,1,3,20.543847,0.146,2.582,17.2,117.4793699,27.3631342,22.4035,622.0,-0.117,5.43,1.7997,1.5,5634.0,2.8613520324300694
1328,HIP 97166,b,0,1,2,10.288914,0.091,2.48,19.1,296.2446203,74.0628577,65.9501,702.0,-0.325,6.86,2.1928,1.2,5216.0,2.884911238635537
5126,TOI-1728,b,0,1,1,3.49151,0.0391,5.05,26.78,120.6116787,64.7971531,60.798,767.0,-1.056,1.14,3.78,7.1,3980.0,2.940207303083658
625,HD 136352,c,0,1,3,27.59221,0.1721,2.916,11.24,230.4401147,-48.3188174,14.682,677.0,0.016,2.49767,1.0348,12.3,5664.0,2.941128171962511
5058,TOI-1279,b,0,1,1,9.61419,0.085,2.661,10.6,185.0628734,56.2014094,107.055,759.0,-0.243,3.05,2.0546,4.2,5457.0,3.0185839046110474
1326,HIP 9618,b,0,1,2,20.772858,0.145,3.828,8.3,30.9050061,21.2813274,67.5478,641.0,-0.072,0.81,1.4896,5.6,5649.0,3.0412996801182786
5022,TOI-1174,b,0,1,1,8.953458,0.08,2.506,32.0,209.2171751,68.6182106,94.6375,714.0,-0.403,11.0,2.4367,2.7,5158.0,3.1029734499367336
5186,TOI-2076,c,0,1,3,21.015327,0.142,3.694,55.0,217.3920159,39.7903991,41.9091,543.0,-0.378,6.0,2.3628,2.7,5192.0,3.158865326998081
897,HD 21520,b,0,1,1,25.1292,0.1726,2.697,17.7,51.6403449,-43.6136649,79.208,637.0,0.066,1.35,1.35,5.3,5871.0,3.223538188075737
5038,TOI-1246,c,0,1,4,5.904137,0.061,2.451,9.1,251.1158702,70.4299917,169.422,862.0,-0.301,3.39,1.9182,6.3,5213.0,3.247372405216512
5042,TOI-1249,b,0,1,1,13.079151,0.109,3.271,11.9,200.5615762,66.3085331,139.49,727.0,-0.101,1.84,1.4998,4.0,5497.0,3.311954804378354
5200,TOI-2134,c,0,1,2,95.5,0.371,7.27,41.89,271.9355015,39.0729269,22.6202,306.0,-0.717,0.599,2.9465,3.8,4580.0,3.3348426160396727
5130,TOI-1742,b,0,1,1,21.269084,0.154,2.365,9.7,257.3288678,71.8766724,72.8871,694.0,0.121,4.0,1.0498,3.9,5815.0,3.3349329402985064
621,HD 135694,b,0,1,1,15.92346,0.12,2.532,6.1,227.8678636,71.8412965,73.8713,751.0,0.039,2.05,1.0333,9.8,5698.0,3.3503099470204574
1318,HIP 8152,b,0,1,2,10.751014,0.093,2.536,8.9,26.2092533,-18.4013844,101.694,795.0,-0.08,2.97,1.4775,6.0,5618.0,3.4208330118298904
624,HD 136352,b,0,1,3,11.57797,0.0964,1.664,4.72,230.4401147,-48.3188174,14.682,905.0,0.016,5.62389,1.0348,12.3,5664.0,3.464296700531046
819,HD 191939,b,0,1,6,8.8803256,0.0804,3.41,10.0,302.0256247,66.8503014,53.6089,880.0,-0.187,1.4,1.37,8.7,5348.0,3.4714624328973844
5117,TOI-1691,b,0,1,1,16.7369,0.126,3.565,14.6,272.4041179,86.860343,111.445,703.0,-0.031,1.76,1.3043,6.6,5642.0,3.474656392160464
5092,TOI-1451,b,0,1,1,16.537944,0.127,2.611,15.2,186.5242821,61.2589289,91.9362,723.0,0.024,4.67,1.3363,4.0,5801.0,3.489465385398155
795,HD 183579,b,0,1,1,17.471291,0.1322,3.49,20.4,293.2866147,-54.5327284,57.2651,752.0,-0.034,2.65,1.5875,3.1,5784.0,3.494507174530238
5099,TOI-1472,b,0,1,1,6.36381,0.065,4.16,16.5,14.1142611,48.6375168,121.84,811.0,-0.356,1.24,2.1838,2.3,5133.0,3.528716115451793
5123,TOI-1710,b,0,2,1,24.283377,0.166,5.203,22.4,94.2838373,76.21102,81.2271,603.0,-0.063,0.87,1.6358,1.5,5684.0,3.562036318884474
5381,TOI-532,b,0,1,1,2.3266508,0.0296,5.82,61.5,85.0800537,11.5626373,135.047,867.0,-1.095,1.72,3.92,7.1,3927.0,3.614055575050608
1122,HD 63935,b,0,1,2,9.058807,0.083,2.916,10.5,117.9246417,9.3852412,48.9739,825.0,-0.115,2.32,1.4863,6.6,5513.0,3.6213983695021716
5198,TOI-2128,b,0,1,1,16.34136,0.127,2.089,4.5,256.9817998,32.1053027,36.578,781.0,0.156,2.68,1.0231,4.7,5968.0,3.646199941122408
5150,TOI-1799,b,0,1,1,7.085738,0.071,1.422,4.0,167.2329152,34.3030149,62.1274,923.0,-0.062,7.51,1.5171,5.1,5698.0,3.6973614218342115
5043,TOI-125,b,0,1,3,4.65382,0.05186,2.726,9.5,23.5934253,-66.6763495,111.059,1037.0,-0.285,2.57,1.99,6.8,5320.0,3.7133988045257915
5442,TOI-824,b,0,1,1,1.392978,0.02177,2.926,18.467,222.1654705,-57.5888666,63.9262,1253.0,-0.71,4.03,2.98,7.5,4600.0,3.7661993096391044
5134,TOI-1751,b,0,1,1,37.46852,0.215,2.951,19.5,243.4888534,63.5335297,113.335,652.0,0.297,4.13,0.578,9.0,5970.0,3.8506632263408456
5157,TOI-1823,b,0,1,1,38.8,0.212,7.541,67.4,196.2197201,63.753261,71.6456,424.0,-0.461,0.86,2.2412,6.3,4927.0,3.864502090043985
5125,TOI-1723,b,0,1,1,13.72641,0.114,3.292,10.4,116.7971978,68.4766845,100.727,783.0,0.064,1.6,1.1317,4.8,5743.0,3.9074343846342976
5430,TOI-762 A,b,0,2,1,3.4716826,0.03418,8.339,79.77493,166.0747423,-47.8214964,98.4458,555.0,-1.733,0.76,8.11,9.3,3266.0,3.9267996493153787
5053,TOI-1269,b,0,1,1,4.2529913,0.0496,2.401,6.4,249.6966397,64.559181,172.138,1005.0,-0.22,2.53,2.043,3.1,5499.0,3.995269745154418
5082,TOI-1422,b,0,1,1,12.9972,0.108,3.96,9.0,354.240829,39.6392793,155.141,867.0,0.048,0.795,1.3,5.1,5840.0,4.078872879380998
5428,TOI-733,b,0,1,1,4.884765,0.0618,1.992,5.72,159.4093183,-40.888259,75.2092,1056.0,-0.086,3.98,1.58,4.4,5585.0,4.125293923291921
466,HATS-72,b,0,1,1,7.3279474,0.066517,8.097,39.85588,339.0258401,-17.0003046,127.589,739.0,-0.659,0.411,2.743,12.17,4656.1,4.156723368272924
5054,TOI-1272,b,0,1,2,3.31599,0.0417,4.132,27.0,199.1962036,49.8610591,137.572,975.0,-0.426,2.09,2.4648,1.1,5065.0,4.190607478966736
5078,TOI-1410,b,0,1,2,1.21687,0.0207,3.101,12.5,334.8828486,42.5603141,72.7512,1237.0,-0.622,2.3,2.5679,6.6,4635.0,4.2195710949646745
5072,TOI-1386,b,0,1,2,25.8401,0.173,6.216,45.8,334.5041029,54.3190454,146.858,615.0,0.01,1.04,1.3498,3.2,5735.0,4.2662154994939465
4956,PH2,b,0,1,1,282.52542,0.833,9.337,87.08498,289.7636212,51.962683,343.863,295.0,-0.058,0.58,1.6,4.1,5734.0,4.3576809683282285
5154,TOI-181,b,0,1,1,4.532,0.0539,6.956,46.1687,352.1725409,-34.4914099,96.2338,895.0,-0.526,0.7562,2.8,5.4,4994.0,4.38201689195694
1117,HD 63433,b,0,1,3,7.1079384,0.072,2.164,37.3,117.4793699,27.3631342,22.4035,886.0,-0.117,20.15,1.7997,1.5,5634.0,4.418305232086725
5119,TOI-1694,b,0,1,2,3.770107,0.045,5.342,31.3,97.7487104,66.3605956,124.68,943.0,-0.418,1.13,2.3008,4.3,5058.0,4.438683766956256
2885,Kepler-1654,b,0,1,1,1047.8356,2.026,9.18,158.915,282.1856949,44.4344617,568.117,206.0,0.09,1.2,0.876,5.0,5597.0,4.576800153443724
2150,Kepler-111,c,0,1,2,224.77833,0.751,7.084,222.47988,291.653163,44.6882613,657.223,352.0,0.158,3.42,1.05,3.4,5914.0,4.644014024887511
5550,WASP-156,b,0,1,1,3.8361623,0.0458,6.028,41.8,32.782085,2.4181937,122.066,934.0,-0.418,1.05,2.1541,5.6,4987.0,4.705762145128795
5135,TOI-1753,b,0,1,1,5.3846104,0.059,2.479,16.6,252.4698351,61.1735768,226.671,1005.0,-0.07,5.95,1.4446,5.9,5621.0,4.836193070566118
439,HATS-49,b,0,1,1,4.1480467,0.04515,8.575,112.19399,6.6135927,-56.3442798,324.413,835.0,-0.785,0.986,2.961,10.5,4405.0,4.8549181520696605
1098,HD 5278,b,0,1,2,14.339156,0.1202,2.45,7.8,12.5467785,-83.7437671,57.5846,943.0,0.28,2.9,0.9319,3.0,6203.0,4.870570006012989
463,HATS-7,b,0,1,1,3.185315,0.04012,6.311,38.1396,208.8567465,-21.2078587,240.707,1084.0,-0.434,0.83,2.22,7.8,4985.0,4.9244265333907125
1640,K2-329,b,0,1,1,12.4551225,0.1016,8.676,82.6358,351.1353785,-5.1641451,233.237,650.0,-0.325,0.694,2.3,1.8,5282.0,4.935313378500869
5382,TOI-5344,b,0,1,1,3.792622,0.04041,10.604,130.9453,63.2662165,20.9151568,138.367,689.0,-1.213,0.604,4.24,10.9,3747.0,5.0345695717778005
1756,K2-419 A,b,0,2,1,20.35847252,0.1208,10.55,196.0,135.0194934,13.2737056,268.685,377.0,-1.277,0.916,4.99,7.4,3711.0,5.046176114777859
468,HATS-75,b,0,1,1,2.7886556,0.032742,9.909,156.05375,60.9493919,-25.4089214,194.964,772.0,-1.197,0.878,4.239,14.9,3790.4,5.04686508505485
465,HATS-71,b,0,1,1,3.7955202,0.03745,11.478,117.5971,15.5518893,-61.7561333,140.225,587.0,-1.56,0.42,6.26,3.2,3405.0,5.051457622769788
5041,TOI-1248,b,0,1,1,4.3601561,0.051,6.808,27.4,259.0235918,63.1056072,168.735,952.0,-0.3,0.47,1.9309,5.5,5205.0,5.081868365614651
438,HATS-48 A,b,0,2,1,3.1316666,0.03769,8.967,77.23269,288.6720048,-59.5793505,263.609,955.0,-0.709,0.589,2.804,11.97,4546.0,5.097255673768737
5138,TOI-1775,b,0,1,1,10.2405549,0.08,8.047,96.0,150.1151015,39.4577506,149.234,708.0,-0.316,1.01,2.2688,0.8,5284.0,5.14949981258044
2908,Kepler-167,e,0,2,4,1071.23205,1.883,10.16,321.00669,292.6585253,38.3455558,341.908,134.0,-0.539,1.68,2.6,7.1,4884.0,5.290272784191179
4992,TIC 139270665,b,0,1,2,23.624,0.163,7.23,147.15455,124.0338967,33.2914532,189.875,703.0,0.032,2.13,1.39,3.4,5844.0,5.352509222670235
5297,TOI-3757,b,0,1,1,3.438753,0.03845,12.0,85.3,91.0036423,55.0199793,181.139,759.0,-1.06,0.27,3.7,7.1,3913.0,5.381474155474255
4543,Kepler-849,b,0,1,1,394.62508,1.137,8.082,298.7587,290.8517961,48.5213243,822.134,363.0,0.573,3.09,0.292,4.7,5950.0,5.435022791445949
5416,TOI-669,b,0,1,1,3.945152,0.048,2.586,10.0,158.9007013,-5.1813735,142.867,1125.0,-0.062,3.17,1.34,7.9,5597.0,5.458757789008467
5085,TOI-1439,b,0,1,1,27.644,0.192,4.243,38.5,241.7639371,67.8776404,230.306,748.0,0.441,2.76,0.4045,4.6,5841.0,5.554953805768675
1113,HD 6061,b,0,2,1,5.2549,0.06,2.428,10.0,15.5981441,37.1854394,67.6203,1075.0,0.055,3.82,1.4057,2.4,5934.0,5.613703261831937
5404,TOI-6034,b,0,2,1,2.576184,0.02949,11.92,254.0,317.9001392,68.4020762,117.992,714.0,-1.403,0.82,6.19,7.8,3635.0,5.801770284267344
5147,TOI-1794,b,0,1,1,8.765528,0.082,3.297,8.7,203.3974857,49.0608433,155.791,993.0,0.197,1.31,0.5941,10.8,5631.0,5.829318894682742
5139,TOI-1776,b,0,1,1,2.799868,0.0378,1.216,1.4,164.7772913,40.9837182,44.647,1269.0,-0.053,4.13,1.5677,5.1,5785.0,5.873516923382037
437,HATS-47,b,0,1,1,3.9228038,0.04269,12.52,117.27927,287.4844021,-49.6649424,300.67,853.0,-0.796,0.331,3.36,8.1,4512.0,6.00947962377834
5153,TOI-1807,b,0,1,1,0.54937097,0.0122,1.497,2.44,201.2826259,38.9223671,42.5775,1694.0,-0.533,3.98,2.7172,2.1,4914.0,6.167657352695308
339,HAT-P-19,b,0,1,1,4.00878322,0.04599,11.299,88.03847,9.5165832,34.7114025,202.078,981.0,-0.485,0.335,2.468,7.2,4962.0,6.248664430835824
5225,TOI-2364,b,0,1,1,4.0197517,0.04871,8.608,71.51139,89.1300265,-5.0120298,219.614,1091.0,-0.252,0.61,1.94,3.5,5306.0,6.3366684654415515
5176,TOI-2010,b,0,1,1,141.834025,0.5516,11.814,408.72733,292.1669417,53.4873694,109.19,400.0,0.114,1.36,1.243,1.9,5929.0,6.409422164455798
467,HATS-74 A,b,0,2,1,1.73185606,0.02384,11.568,464.02947,171.0147921,-19.5569588,299.389,895.0,-1.216,1.64,4.43,11.0,3776.9,6.5199717886973145
436,HATS-46,b,0,1,1,4.7423729,0.05367,10.122,54.98459,6.7026401,-56.3161021,453.808,1054.0,-0.23,0.28,2.1,3.0,5495.0,6.54430274455423
1200,HD 86226,c,0,1,2,3.98442,0.049,2.16,7.25,149.1235154,-24.0991859,45.683,1311.0,0.072,3.97,1.233,4.6,5863.0,6.587504848174899
5081,TOI-1420,b,0,1,1,6.9561063,0.071,11.89,25.1,322.9418092,66.3490054,201.918,957.0,-0.152,0.082,1.77,10.7,5510.0,6.6132129584078205
5174,TOI-2000,c,0,1,2,9.127055,0.0878,8.14,81.7,146.3970631,-66.6866307,175.713,1038.0,0.06,0.829,1.047,5.3,5611.0,6.621796471615416
393,HAT-P-68,b,0,1,1,2.29840551,0.02996,12.016,230.10892,118.4831501,23.9382192,202.152,1028.0,-0.779,0.727,3.165,11.1,4508.0,6.67318039646171
5060,TOI-1288,b,0,1,2,2.6998279,0.0374,4.968,44.1,313.1670294,65.6087833,114.865,1203.0,-0.155,1.97,1.517,6.5,5388.0,6.731785567137224
3958,Kepler-425,b,0,1,1,3.79701816,0.0464,10.962,79.45,290.3579781,40.5676965,646.647,1070.0,-0.323,0.27,1.448,5.0,5170.0,6.785813528284373
5155,TOI-1811,b,0,1,1,3.7130765,0.04389,11.142,308.92921,188.9223576,27.2143766,128.23,962.0,-0.56,1.23,2.54,5.9,4766.0,6.835643749917883
470,HATS-77,b,0,1,1,3.0876262,0.03607,13.058,436.69623,149.8236672,-27.3928174,436.176,828.0,-0.992,1.077,3.48,12.1,4071.0,6.893075848399223
5110,TOI-1669,c,0,1,2,2.6800535,0.0376,2.296,13.0,45.9564744,83.5874273,111.276,1285.0,-0.036,6.0,1.1688,7.7,5497.0,6.900505088441169
1360,K2-114,b,0,1,1,11.3909311,0.0943,10.447,638.8351,127.882912,11.922255,475.758,701.0,-0.445,3.08,2.17,7.2,4920.0,6.914817186927695
433,HATS-43,b,0,1,1,4.3888497,0.04944,13.227,82.95363,80.5382418,-30.9708179,362.273,1003.0,-0.398,0.191,2.18,8.6,5099.0,7.00796167497333
5066,TOI-132,b,0,1,1,2.1097019,0.026,3.42,22.4,338.3996623,-43.436872,163.678,1395.0,-0.222,3.08,1.89,6.34,5397.0,7.026944122281435
1019,HD 332231,b,0,1,1,18.712024,0.145,9.073,74.1,306.741134,33.7443882,80.6665,798.0,0.308,0.55,0.7993,2.9,6128.0,7.034601740351587
4979,Qatar-9,b,0,1,1,1.540731,0.0234,11.31,378.2177,160.748095,60.9641194,213.771,1134.0,-0.821,1.43,3.015,7.5,4309.0,7.102584416052845
5295,TOI-3693,b,0,1,1,9.088516,0.0813,12.599,324.18498,15.6543938,51.3038918,176.436,801.0,-0.344,0.89,2.48,3.0,5321.0,7.103289450018938
5226,TOI-2368,b,0,1,1,5.1750073,0.05649,10.839,206.58846,134.9576234,-48.4884929,210.915,1000.0,-0.275,0.88,2.1,4.2,5360.0,7.116852099842088
1224,HD 93963 A,c,0,2,2,3.6451389,0.04726,3.12,18.4,162.7766969,25.641065,82.3432,1212.0,0.068,3.31,1.3835,1.3,5908.0,7.249531244159969
5166,TOI-1898,b,0,1,1,45.52234,0.269,9.396,129.0,144.5553,23.5467464,79.6682,675.0,0.551,0.85,0.4128,3.1,6241.0,7.250529604889112
407,HATS-17,b,0,1,1,16.254611,0.1308,8.709,425.25654,192.1895676,-47.6136789,400.331,814.0,0.093,3.5,1.22,2.1,5846.0,7.295167181065149
5127,TOI-1736,b,0,1,2,7.073076,0.073,3.182,12.3,43.4344615,69.101345,88.9482,1100.0,0.271,2.09,0.4967,9.2,5636.0,7.295522825352975
5179,TOI-2019,b,0,1,1,15.3444,0.128,5.333,34.4,234.4317651,48.955206,198.007,917.0,0.441,1.25,0.3119,6.4,5626.0,7.330302105187548
5209,TOI-2180,b,0,1,1,260.79,0.828,11.321,875.61726,277.94363,56.6506789,116.685,348.0,0.406,3.32,0.359,8.1,5695.0,7.371033027012309
5173,TOI-2000,b,0,1,2,3.09833,0.04271,2.7,11.0,146.3970631,-66.6866307,175.713,1488.0,0.06,3.07,1.047,5.3,5611.0,7.439464267983862
5320,TOI-4201,b,0,1,1,3.5819194,0.04,13.675,788.21445,90.4747237,-13.461371,189.011,725.0,-1.119,1.82,3.786,1.4,3794.0,7.499122370854265
5343,TOI-4515,b,0,1,1,15.266446,0.118,12.17,637.0,21.1861778,21.5130638,193.499,705.0,-0.236,1.941,2.1232,1.2,5433.0,7.537996243591312
469,HATS-76,b,0,1,1,1.9416423,0.02658,12.094,835.57088,70.3397665,-32.3204175,385.689,940.0,-1.038,2.58,3.8,4.6,4016.0,7.549168648201807
5446,TOI-837,b,0,1,1,8.3249113,0.0888,9.169,120.45697,157.0372806,-64.5052107,142.488,995.0,0.127,0.89,1.63,0.035,5995.0,7.555300823685314
434,HATS-44,b,0,1,1,2.7439004,0.03649,11.96,177.9848,84.3267559,-27.9725758,446.035,1161.0,-0.398,0.56,1.98,9.7,5080.0,7.662556686770725
5283,TOI-3261,b,0,1,1,0.8831331,0.01714,3.82,30.3,47.7285242,-73.531972,300.141,1722.0,-0.367,3.0,1.4,6.5,5068.0,7.6805475532379575
1173,HD 77946,b,0,1,1,6.527363,0.073,2.896,10.9,136.777644,46.6724251,99.451,1129.0,0.309,2.44,0.7339,3.1,6007.0,7.701833447622477
1619,K2-30,b,0,1,1,4.098503,0.04839,11.646,184.02357,52.3420548,22.2993491,333.042,1092.0,-0.256,0.64,2.11,3.9,5425.0,7.706356101577389
5002,TIC 46432937,b,0,1,1,1.44044527,0.02065,13.316,1017.0509,83.8689794,-14.5971909,90.5369,872.0,-1.385,2.37,5.34,7.4,3572.0,7.781898108527389
2953,Kepler-1704,b,0,1,1,988.88112,2.027,11.949,1322.16617,291.2012559,51.1442437,835.455,254.0,0.452,4.07,0.325,7.4,5746.0,7.787605114435695
5317,TOI-4145 A,b,0,2,1,4.0664428,0.04823,13.305,136.66622,39.4297435,80.2673838,205.387,1074.0,-0.287,0.32,2.01,4.7,5281.0,7.838501445315116
5100,TOI-1478,b,0,1,1,10.180249,0.0903,11.882,270.47333,126.4337428,-13.5595485,152.892,918.0,-0.013,0.88,1.16,9.1,5597.0,7.894004890882248
5361,TOI-4914,b,0,1,1,10.60057,0.098,12.87,227.0,204.5426717,-28.1429206,299.89,894.0,0.009,0.59,1.5508,5.3,5805.0,7.961250331407206
3961,Kepler-428,b,0,1,1,3.52563254,0.0433,12.11,403.63,290.5817432,40.5773106,686.284,1070.0,-0.39,1.02,1.704,5.0,5150.0,8.011079434854885
5315,TOI-4127,b,0,1,1,56.39879,0.3081,12.285,731.00534,105.4045516,72.4149297,319.632,605.0,0.316,2.17,0.775,4.8,6096.0,8.12805089218041
462,HATS-69,b,0,1,1,2.2252577,0.03211,10.593,183.38791,289.2974275,-60.8917599,414.537,1296.0,-0.318,0.46,1.854,8.0,5137.0,8.183991884330055
455,HATS-62,b,0,1,1,3.2768837,0.04163,11.825,56.89157,312.4493079,-24.303506,523.067,1237.0,-0.173,0.076,1.556,9.55,5416.0,8.191952149961736
376,HAT-P-52,b,0,1,1,2.7535953,0.03694,11.31,259.98494,42.7217412,29.0222492,361.155,1218.0,-0.305,0.98,1.75,9.4,5131.0,8.29277171912313
4010,Kepler-46,b,0,1,3,33.60134,0.1968,9.057,1907.0,289.2687388,42.6041819,777.06,543.0,-0.255,14.0,1.53,9.7,5155.0,8.463244494275404
5159,TOI-1836,b,0,1,2,20.380845,0.157,8.281,24.7,245.9079242,54.6900774,191.649,890.0,0.57,0.24,0.3897,3.2,6237.0,8.500456418181441
1566,K2-261,b,0,1,1,11.633478,0.1034,9.528,59.75174,163.0323119,0.493167,213.283,1046.0,0.328,0.38,0.346,9.3,5445.0,8.501720333302154
4147,Kepler-553,c,0,1,2,328.24017,0.898,11.579,2129.45033,298.5508922,48.3325405,728.525,251.0,-0.271,7.53,1.727,8.8,5191.0,8.501728845198224
2697,Kepler-1514,b,0,1,2,217.83184,0.753,12.42,1678.1424,292.6274943,37.8601653,397.292,388.0,0.328,4.82,0.787,2.9,6145.0,8.624203766381084
1210,HD 89345,b,0,1,1,11.8143,0.1066,7.398,34.9613,154.6710977,10.1288464,132.345,1089.0,0.425,0.471,0.305,7.53,5576.0,8.637506517724598
4995,TIC 237913194,b,0,1,1,15.168865,0.1207,12.52,617.22586,22.4458116,-60.7399096,306.063,974.0,0.078,1.847,1.076,5.7,5788.0,8.673587481613591
5026,TOI-1194,b,0,1,1,2.3106446,0.034,8.717,120.0,167.8214811,69.9647749,149.667,1264.0,-0.151,0.99,1.5487,4.9,5394.0,8.674645398609387
375,HAT-P-51,b,0,1,1,4.21802091,0.05042,13.507,97.57332,21.0651251,32.8107,440.089,1168.0,-0.102,0.218,1.38,8.1,5453.0,8.819581645040651
5149,TOI-1798,c,0,1,2,0.4378146,0.0107,1.399,5.6,211.0939367,46.5192825,113.181,1936.0,-0.416,11.17,2.4218,2.6,5106.0,8.95961013527419
5249,TOI-2524,b,0,1,1,7.18585,0.073,11.209,203.41018,160.8868435,-1.9126984,438.842,1100.0,0.116,0.79,1.013,6.7,5831.0,9.05925178747024
5454,TOI-905,b,0,1,1,3.739494,0.04666,13.126,211.99261,227.6586754,-71.3616316,158.649,1192.0,-0.137,0.515,1.76,3.4,5570.0,9.124861718540215
388,HAT-P-63,b,0,1,1,3.377728,0.04294,12.543,195.14664,269.5720695,5.7613709,403.458,1237.0,-0.146,0.54,1.448,9.0,5400.0,9.12535701722483
450,HATS-59,b,0,1,2,5.416081,0.06112,12.621,256.17098,170.324325,-22.388177,642.884,1128.0,-0.004,0.7,1.31,4.3,5670.0,9.244494922364412
3959,Kepler-426,b,0,1,1,3.21751883,0.0414,12.22,108.06,289.4346668,49.473455,843.695,1300.0,-0.089,0.26,1.17,6.0,5725.0,9.358189292296515
416,HATS-28,b,0,1,1,3.1810781,0.04131,13.384,213.58176,284.3997616,-49.1385126,535.383,1253.0,-0.157,0.48,1.67,6.2,5498.0,9.471333169053795
5001,TIC 393818343,b,0,1,1,16.24921,0.1291,12.184,1379.37529,310.2917002,3.6382967,93.7345,806.0,0.067,4.22,1.198,3.8,5756.0,9.574131868285116
5284,TOI-329,b,0,1,1,5.70439,0.0638,4.941,40.4,351.3210955,-15.6346313,284.388,1213.0,0.325,1.84,0.4127,8.7,5614.0,9.829267060280669
967,HD 25463,b,0,1,2,7.0491423,0.076,2.545,8.7,60.7483361,9.2077676,45.6181,1198.0,0.473,2.87,0.6098,2.3,6353.0,9.998415237472251
5358,TOI-480,b,0,1,1,6.866196,0.077,2.854,20.8,88.3784618,-16.2653974,54.5306,1199.0,0.462,4.91,0.5411,2.7,6174.0,10.062918086303656
4831,NGTS-6,b,0,1,1,0.882059,0.01677,14.863,425.57437,75.795382,-30.3994612,308.262,1284.0,-0.592,0.711,3.9304,9.77,4730.0,10.064898830283726
3960,Kepler-427,b,0,1,1,10.290994,0.091,13.79,92.17,288.2545808,43.7048379,1017.8,1100.0,0.29,0.16,0.4,7.0,5800.0,10.13386309103794
417,HATS-29,b,0,1,1,4.6058749,0.05475,14.022,207.54299,285.0965172,-54.8933408,353.891,1212.0,0.029,0.411,1.17,5.5,5670.0,10.216145280238406
5236,TOI-2416,b,0,1,1,8.275479,0.0831,9.864,953.48522,57.3389409,-60.7871861,557.733,1080.0,0.197,5.4,0.835,4.9,5808.0,10.69343796526587
386,HAT-P-61,b,0,1,1,1.90231289,0.0301,10.077,335.94463,75.4801665,50.1311784,338.84,1505.0,-0.115,1.8,1.715,2.6,5587.0,10.84475662937423
5195,TOI-2107,b,0,1,1,2.4545467,0.03515,13.574,263.79758,286.7965405,-58.6968348,236.705,1397.0,-0.105,0.577,1.68,4.0,5627.0,10.867632489111903
413,HATS-25,b,0,1,1,4.2986432,0.05163,14.123,194.82979,207.9076746,-23.7812403,471.158,1277.0,0.068,0.38,1.03,7.5,5715.0,10.88776688313296
5271,TOI-2796,b,0,1,1,4.8084983,0.0569,17.262,139.8445,84.1527191,0.8962788,350.343,1205.0,0.055,0.15,1.22,4.0,5764.0,11.055096920308799
3971,Kepler-434,b,0,1,1,12.8747099,0.1143,12.67,908.96,293.5863887,42.9288624,1222.54,1000.0,0.33,2.4,0.65,4.0,5977.0,11.124209249850011
383,HAT-P-59,b,0,1,1,4.1419771,0.05064,12.588,489.45575,292.4588212,62.5291892,265.471,1278.0,0.054,1.347,1.059,7.3,5678.0,11.151724480903349
5228,TOI-2373,b,0,1,1,13.33668,0.112,10.424,2955.80419,61.6862197,-16.7557546,508.686,860.0,0.051,14.4,1.096,5.9,5651.0,11.268849774277674
444,HATS-53,b,0,1,1,3.8537768,0.04753,15.02,189.10885,176.628323,-33.8600764,585.77,1312.0,0.045,0.303,1.027,9.0,5644.0,11.281046776507322
400,HATS-10,b,0,1,1,3.312846,0.04491,10.862,167.17858,294.3068385,-22.2044872,534.889,1407.0,0.117,0.7,1.15,3.3,5880.0,11.289042663057245
5337,TOI-4463 A,b,0,2,1,2.8807198,0.04036,13.26,252.35576,279.3581286,18.7299522,173.117,1395.0,0.011,0.595,1.24,4.1,5640.0,11.418471294415511
4763,LTT 9779,b,0,1,1,0.792052,0.01679,4.72,29.32,358.6688767,-37.6282237,80.4373,1978.0,-0.149,1.536,1.81,1.9,5443.0,11.627488854087112
405,HATS-15,b,0,1,1,1.74748753,0.02712,12.386,689.6911,311.0920041,-19.4375266,1139.55,1505.0,-0.204,1.97,1.57,11.0,5311.0,11.643134220326049
456,HATS-63,b,0,1,1,3.0566527,0.04026,13.529,305.1168,67.418582,-28.1972149,623.232,1398.0,0.012,0.67,1.071,10.3,5627.0,11.663318873377085
5213,TOI-2196,b,0,1,1,1.1947268,0.02234,3.51,26.0,312.3400744,-70.4850723,259.947,1860.0,-0.004,3.31,1.25,4.5,5634.0,11.75674411727764
423,HATS-34,b,0,1,1,2.1061607,0.03166,16.029,299.07803,0.7744866,-62.4693167,508.842,1445.0,-0.14,0.4,1.44,7.7,5380.0,11.774752541132537
5392,TOI-561,b,0,1,4,0.4465688,0.0106,1.425,2.0,148.1851516,6.216103,85.799,2310.0,-0.273,3.8,1.89,11.0,5372.0,11.85183697169771
422,HATS-33,b,0,1,1,2.5495551,0.03727,13.787,378.85336,294.6336944,-55.3302692,248.46,1429.0,-0.018,0.79,1.4,3.0,5659.0,11.958648167903462
419,HATS-30,b,0,2,1,3.1743516,0.04354,13.171,224.38798,5.618525,-59.9425892,342.14,1414.0,0.097,0.543,1.29,2.3,5943.0,12.031524255677732
379,HAT-P-55,b,0,1,1,3.5852313,0.04628,14.841,189.42573,264.2735096,25.7311468,511.388,1367.0,0.097,0.318,1.073,5.3,5804.0,12.032480837483073
5588,WASP-193,b,0,1,1,6.2463345,0.0676,16.41,44.17815,164.3491401,-29.9971229,362.087,1254.0,0.274,0.059,0.7853,4.4,6078.0,12.084198057632749
4974,Qatar-4,b,0,1,1,1.8053564,0.02803,12.722,1938.763,4.859275,44.0275965,329.036,1385.0,-0.318,5.1,2.07,0.17,5215.0,12.092276788927828
5292,TOI-3568,b,0,1,1,4.417965,0.0485,5.3,26.4,322.6023682,34.7395805,197.906,899.0,0.33,0.98,2.95,6.1,4969.0,12.13136695037115
448,HATS-57,b,0,1,1,2.350621,0.03493,12.767,1000.21101,60.9482779,-19.0568182,279.485,1413.0,-0.094,2.65,1.633,2.5,5587.0,12.233335337922602
5065,TOI-1298,b,0,1,1,4.537143,0.057,9.658,99.0,241.3229012,70.1900397,319.036,1278.0,0.321,0.6,0.5496,4.3,5752.0,12.303883671198735
5256,TOI-2570,b,0,1,1,2.9887615,0.04145,13.641,260.61929,87.1880397,32.0840435,361.857,1431.0,0.079,0.563,1.138,4.4,5771.0,12.317928779379363
421,HATS-32,b,0,1,1,2.8126548,0.04024,14.0,292.4036,346.0750861,-21.2720168,745.116,1437.0,0.057,0.58,1.17,3.5,5700.0,12.372387809908616
1298,HIP 65 A,b,0,2,1,0.9809734,0.01782,22.754,1021.18779,0.1856063,-54.8308228,61.7856,1411.0,-0.678,0.48,2.898,4.1,4590.0,12.384529136838497
5305,TOI-3976 A,b,0,2,1,6.607662,0.0743,12.274,55.61997,224.3560083,44.2743223,516.087,1295.0,0.413,0.165,0.521,3.8,5975.0,12.4032784564936
5287,TOI-3331 A,b,0,2,1,2.0180231,0.03144,12.98,721.47048,271.3241672,-34.107171,217.193,1488.0,-0.093,1.82,1.65,2.1,5609.0,12.411526574331718
5290,TOI-3364,b,0,1,1,5.8768918,0.0675,12.229,530.77344,144.5377709,-49.3352226,277.899,1264.0,0.286,1.6,0.587,5.4,5706.0,12.515758301090344
387,HAT-P-62,b,0,1,1,2.6453235,0.03772,12.027,241.86742,74.5043816,48.3008551,348.815,1512.0,0.091,0.77,0.901,8.1,5629.0,12.636785231100925
5254,TOI-2567,b,0,1,1,5.983944,0.0672,10.929,63.88351,288.4656683,66.3479375,504.775,1352.0,0.405,0.269,0.34,7.6,5611.0,12.701007994048425
5278,TOI-2981,b,0,1,1,3.601501,0.048,13.4,638.0,163.487394,-25.5245988,527.789,1358.0,0.116,1.46,1.2547,4.5,5940.0,12.70216870933917
5273,TOI-2818,b,0,1,1,4.039709,0.0493,15.278,225.65817,119.0598183,-35.1167104,312.674,1376.0,0.164,0.34,0.745,9.5,5721.0,12.830334269593195
5217,TOI-2207,b,0,1,1,8.001968,0.0854,11.153,203.41018,307.5966925,-44.8876181,373.345,1259.0,0.484,0.8,0.476,3.3,6101.0,12.928847577020841
446,HATS-55,b,0,1,1,4.2042001,0.05412,14.022,292.72143,114.2833819,-32.7554188,609.838,1367.0,0.229,0.587,1.179,0.4,6214.0,13.027826347953678
5312,TOI-4087,b,0,1,1,3.1774835,0.04469,13.047,232.01474,217.9257785,83.3727061,301.676,1458.0,0.176,0.57,1.205,0.8,6060.0,13.076936610664697
5180,TOI-2025,b,0,1,1,8.8720982,0.0892,11.893,1144.18227,282.7952558,82.2454143,335.985,1166.0,0.387,3.74,0.542,4.5,5977.0,13.19316249651199
5390,TOI-558,b,0,1,1,14.574071,0.1291,12.173,1147.36055,42.2915093,-58.0246828,402.63,1061.0,0.547,3.5,0.568,1.79,6466.0,13.245517306760659
5389,TOI-5542,b,0,1,1,75.12375,0.332,11.31,419.5335,302.7984228,-61.1354659,348.849,441.0,1.057,1.6,1.03,10.8,5700.0,13.293118271447597
1828,KELT-10,b,0,1,1,4.1662739,0.0525,15.681,215.80657,284.5483823,-47.0033072,188.404,1377.0,0.217,0.308,0.889,4.5,5948.0,13.3138359597825
5391,TOI-559,b,0,1,1,6.9839095,0.0723,12.229,1910.14873,46.8186159,-31.1629951,233.266,1180.0,0.227,5.74,0.774,6.8,5925.0,13.32626243444403
1223,HD 93963 A,b,0,2,2,1.0376109,0.02061,1.47,2.8,162.7766969,25.641065,82.3432,1842.0,0.068,4.81,1.3835,1.3,5908.0,13.335324956066039
5408,TOI-622,b,0,1,1,6.402513,0.0708,9.236,96.30201,125.3050544,-46.4842959,123.297,1388.0,0.474,0.507,0.452,0.9,6400.0,13.335905464828135
5274,TOI-2842,b,0,1,1,3.5514058,0.0475,12.845,117.59651,108.0442066,-10.63934,460.995,1471.0,0.246,0.304,0.789,4.7,5910.0,13.38526853215297
5304,TOI-3919,b,0,1,1,7.433234,0.0795,12.319,1233.17422,208.9447534,40.3918061,604.591,1198.0,0.336,3.63,0.742,3.1,6100.0,13.386848645636691
4978,Qatar-8,b,0,1,1,3.71495,0.0474,14.404,117.91493,157.4123405,70.5270835,281.498,1457.0,0.228,0.216,0.641,8.3,5738.0,13.537842186836478
5088,TOI-1444,b,0,1,1,0.4702743,0.0116,1.418,3.58,305.4749252,70.9437054,125.463,2130.0,-0.176,6.84,1.7621,3.8,5460.0,13.548782541168697
1840,KELT-23 A,b,0,2,1,2.255251,0.03302,14.83,298.12454,232.1466406,66.3587097,126.261,1561.0,0.034,0.503,1.349,6.4,5899.0,13.583905876745192
5653,WASP-77 A,b,0,2,1,1.36002854,0.02335,13.787,529.81995,37.1555223,-7.0606675,105.166,1715.0,-0.129,1.115,1.692,6.2,5617.0,13.604000516336535
4975,Qatar-5,b,0,1,1,2.8792319,0.04127,12.408,1373.0256,7.0539375,42.0613451,367.658,1415.0,0.056,3.95,1.286,0.53,5747.0,13.652792820607237
5104,TOI-157,b,0,1,1,2.0845435,0.03138,14.415,375.0394,73.7014398,-76.6806061,355.683,1588.0,0.02,0.686,0.842,12.82,5404.0,13.785871577749516
454,HATS-61,b,0,1,1,7.817953,0.07908,13.395,1080.622,61.6578005,-25.3496674,679.761,1226.0,0.369,2.47,0.33,8.9,5542.0,13.909033944453824
639,HD 1397,b,0,1,1,11.53533,0.1097,11.5,131.89945,4.4471631,-66.3589285,79.5702,1228.0,0.66,0.477,0.147,4.51,5521.0,14.055188227152021
5062,TOI-1294,b,0,1,2,3.915292,0.051,10.124,63.9,223.0926408,70.4765573,332.648,1393.0,0.368,0.34,0.4318,6.2,5718.0,14.197729177780543
5639,WASP-64,b,0,2,1,1.5732918,0.02648,14.247,403.945,101.1149223,-32.8583878,369.926,1689.0,-0.022,0.823,1.196,1.2,5400.0,14.356586904600434
5396,TOI-564,b,0,1,1,1.651144,0.02734,11.433,464.98529,130.2951535,-16.0363275,199.581,1714.0,0.033,1.7,1.095,7.3,5640.0,14.546966244040085
5303,TOI-3912,b,0,1,1,3.4936264,0.0463,14.28,129.03833,215.8014956,24.0765639,465.992,1512.0,0.273,0.243,0.569,7.5,5725.0,14.599730933190008
5269,TOI-2714,b,0,1,1,2.499387,0.036,13.72,228.0,61.4012482,-14.9267458,597.873,1603.0,0.16,0.49,0.75,5.5,5665.0,14.693791297007488
5124,TOI-172,b,0,1,1,9.47725,0.0914,10.817,1722.6386,316.6318791,-26.6928654,342.831,1198.0,0.461,7.53,0.286,7.4,5645.0,14.707683187238525
5263,TOI-2641,b,0,1,1,4.880974,0.0607,18.103,122.68177,171.1303716,-42.7321394,344.045,1387.0,0.34,0.092,0.482,10.8,6100.0,14.76773585100734
847,HD 20329,b,0,1,1,0.926118,0.018,1.72,7.42,49.178124,15.6563542,63.6796,2141.0,0.049,8.06,0.88,11.0,5596.0,14.839421526786763
453,HATS-60,b,0,1,1,3.560829,0.04708,12.924,210.40346,341.3640336,-14.9917747,486.474,1528.0,0.3,0.537,0.496,7.55,5688.0,14.9011727016575
5257,TOI-2583 A,b,0,2,1,4.5207265,0.0571,14.46,79.4571,272.2670293,45.3368996,566.189,1456.0,0.388,0.144,0.531,4.4,5936.0,14.940572200508987
5163,TOI-1855,b,0,1,1,1.36414864,0.02398,18.495,360.09959,205.3539534,17.6868719,176.833,1701.0,-0.095,0.31,1.23,8.2,5359.0,14.947214710091993
5258,TOI-2587 A,b,0,2,1,5.45664,0.0635,12.072,69.28659,115.9317105,-1.073333,373.675,1445.0,0.471,0.216,0.316,6.7,5760.0,14.989178095267043
5448,TOI-858 B,b,0,2,1,3.2797178,0.04435,14.067,349.61125,60.1998256,-54.5929177,250.489,1529.0,0.253,0.69,0.68,6.8,5842.0,15.160556819503958
5294,TOI-3688 A,b,0,2,1,3.246075,0.0456,13.081,311.47184,39.2823371,54.8512152,396.378,1534.0,0.283,0.76,0.767,3.3,5950.0,15.168173481316487
5238,TOI-2421,b,0,1,1,4.3474032,0.0543,10.368,105.83686,33.1540208,-35.3909182,327.927,1534.0,0.436,0.52,0.297,7.5,5607.0,15.489181993989577
968,HD 25463,c,0,1,2,3.04405,0.0443,1.364,4.3,60.7483361,9.2077676,45.6181,1586.0,0.473,9.09,0.6098,2.3,6353.0,15.687734433873537
5161,TOI-1842,b,0,1,1,9.5739181,0.1,12.349,89.4,201.9626552,9.0306437,223.465,1200.0,0.695,0.26,0.2432,2.5,6039.0,15.826205842006525
5357,TOI-4791,b,0,1,1,4.28088,0.0555,12.442,734.18362,109.3883818,-19.8289392,328.802,1472.0,0.38,2.09,0.624,3.3,6058.0,16.13759746567587
442,HATS-51,b,0,1,1,3.3488702,0.04639,15.805,244.09344,102.8474248,-29.0586551,389.57,1553.0,0.31,0.34,0.56,4.74,5758.0,16.182863430997095
889,HD 213885,b,0,1,2,1.008035,0.02012,1.745,8.83,338.9837166,-59.864829,48.0883,2128.0,0.139,9.15,1.127,3.8,5978.0,16.271306438608605
406,HATS-16,b,0,1,1,2.686502,0.03744,14.572,1039.3041,358.5588439,-30.0130385,757.044,1592.0,0.173,1.86,0.72,9.5,5738.0,16.3502468567788
5064,TOI-1296,b,0,1,1,3.9443736,0.051,14.116,95.3,256.7706392,70.2384806,323.265,1415.0,0.402,0.19,0.3279,7.1,5567.0,16.37030344776639
435,HATS-45,b,0,1,1,4.1876244,0.05511,14.415,222.481,101.9942455,-21.9107112,772.11,1518.0,0.425,0.41,0.79,1.52,6450.0,16.650680272152613
5116,TOI-169,b,0,1,1,2.2554477,0.03524,12.173,251.40353,16.7786879,-75.1989452,407.84,1715.0,0.253,0.76,0.756,4.7,5880.0,16.660829314277308
1841,KELT-24,b,0,2,1,5.55149296,0.0665,12.711,1458.83239,161.9090273,71.655727,96.5173,1391.0,0.439,3.9,0.744,1.98,6426.0,16.820953803435433
5101,TOI-150,b,0,1,1,5.857487,0.07037,14.067,797.7533,112.965421,-73.6060358,336.267,1404.0,0.497,1.68,0.5332,2.346,6255.0,16.935984438640123
5570,WASP-174,b,0,1,1,4.2337005,0.05503,16.107,104.88337,195.7940145,-41.3848617,410.149,1528.0,0.436,0.135,0.716,2.2,6399.0,17.04266212434376
176,EPIC 246851721,b,0,2,1,6.180235,0.07229,11.781,953.49,78.9198197,16.2786991,372.632,1401.0,0.526,3.1,0.465,3.02,6202.0,17.05772346210618
5302,TOI-3894,b,0,1,1,4.33454,0.05354,15.278,260.61929,201.3748265,52.7681036,417.365,1531.0,0.419,0.4,0.475,5.7,6000.0,17.165609950852645
443,HATS-52,b,0,1,1,1.36665436,0.02498,15.491,711.9392,140.0875894,-31.2692116,555.134,1834.0,0.068,1.06,1.37,1.2,6010.0,17.638450309386595
411,HATS-23,b,0,1,1,2.1605156,0.03397,20.849,467.2101,286.36675,-50.0673496,639.004,1654.0,0.155,0.29,0.91,4.2,5780.0,17.706230796967237
5316,TOI-4137,b,0,1,1,3.8016122,0.05222,13.574,457.67291,77.612879,70.391079,334.993,1570.0,0.439,1.01,0.621,2.1,6202.0,17.942767916054684
5300,TOI-3819,b,0,1,1,3.2443141,0.04611,13.137,352.78953,121.8632568,29.3886446,558.141,1633.0,0.4,0.85,0.478,4.5,5859.0,17.994131414890237
5286,TOI-3321,b,0,1,1,3.6525145,0.047,15.558,176.07694,265.7603351,-65.0082516,285.895,1616.0,0.405,0.255,0.396,8.1,5850.0,18.10619336638511
377,HAT-P-53,b,0,1,1,1.9616241,0.03159,14.773,471.65972,21.8711012,38.9681137,666.802,1778.0,0.217,0.8,0.87,4.67,5956.0,18.192685918833504
382,HAT-P-58,b,0,1,1,4.0138379,0.04994,14.93,118.23217,68.8465093,56.8682691,515.59,1622.0,0.456,0.194,0.405,7.11,6078.0,18.40301724968924
5205,TOI-2154,b,0,1,1,3.8240801,0.0513,16.287,292.40213,71.0281482,84.3642652,296.46,1580.0,0.435,0.37,0.639,2.9,6280.0,18.423718593104805
458,HATS-65,b,0,2,1,3.105161,0.04497,16.825,260.93843,292.9397825,-26.7402021,493.32,1634.0,0.377,0.3,0.788,1.78,6277.0,18.482117618704205
4973,Qatar-3,b,0,1,1,2.5079204,0.03783,12.285,1369.8473,359.1519716,36.2129562,735.601,1681.0,0.279,4.0,0.78,0.31,6007.0,18.577476572569065
5279,TOI-3023,b,0,1,1,3.9014971,0.0505,16.432,197.05361,165.3158231,-72.3567044,389.916,1596.0,0.444,0.245,0.346,7.0,5760.0,18.64444296528315
5299,TOI-3807,b,0,1,1,2.8989727,0.0421,18.495,330.54154,139.1125648,69.0741284,421.745,1646.0,0.332,0.289,0.521,5.6,5772.0,18.70758101880222
5585,WASP-19,b,0,1,1,0.78883852,0.01652,15.861,366.77398,148.4167672,-45.6591078,268.325,2113.0,-0.043,0.506,1.339,6.4,5616.0,18.85440917859557
5460,TOI-954,b,0,1,1,3.6849729,0.04963,9.55,55.30242,61.9410587,-25.2088028,238.768,1526.0,0.535,0.35,0.249,6.14,5710.0,19.059396370493715
5410,TOI-628,b,0,1,1,3.4095675,0.0486,11.882,2011.8639,99.2630608,1.7675497,178.68,1586.0,0.394,6.58,0.762,1.28,6250.0,19.416877586895033
5211,TOI-2193 A,b,0,2,1,2.1225735,0.03319,19.84,298.7587,313.691232,-72.8046404,337.064,1763.0,0.25,0.06,0.781,5.5,5966.0,19.59957258598204
5168,TOI-1937 A,b,0,2,1,0.94667944,0.01932,13.978,638.8351,116.3707214,-52.3832587,415.135,2097.0,0.08,1.28,1.198,3.6,5814.0,20.491885863376726
4813,NGTS-13,b,0,1,1,4.119027,0.0549,12.801,1538.2972,176.2402326,-38.1397158,647.595,1605.0,0.517,4.02,0.31,4.23,5819.0,20.98915015126878
98,CoRoT-19,b,0,1,1,3.89713,0.0518,14.46,352.78,97.0335983,-0.1707293,790.663,2000.0,0.544,0.71,0.38,5.0,6090.0,21.209674485969188
1533,K2-237,b,0,1,1,2.18053539,0.03558,16.197,433.20012,253.7688479,-28.7105836,314.995,1828.0,0.371,0.562,0.888,1.02,6360.0,21.53440088589768
5218,TOI-2236,b,0,1,1,3.5315902,0.05009,14.37,502.16888,20.1660113,-86.979965,355.59,1688.0,0.533,0.93,0.486,2.52,6248.0,21.625128553359957
4971,Qatar-10,b,0,1,1,1.645321,0.0286,17.295,233.92288,284.4439052,69.5708373,559.068,1955.0,0.3,0.248,0.823,3.2,6124.0,22.216768644089445
574,HD 118203,b,0,1,2,6.134989,0.0701,12.554,693.50158,203.509956,53.7281876,92.2589,1371.0,0.7,2.1,0.2089,5.25,5788.0,22.26362733334035
5272,TOI-2803 A,b,0,2,1,1.96229325,0.03185,18.114,309.8827,93.1147397,-23.4924956,494.818,1893.0,0.336,0.287,0.822,3.7,6280.0,22.270193045419944
428,HATS-39,b,0,1,1,4.5776348,0.06007,17.598,200.2329,112.4192251,-29.9379163,878.521,1645.0,0.64,0.202,0.457,2.06,6572.0,22.850210595759805
432,HATS-42,b,0,1,1,2.292102,0.03689,15.693,597.5204,108.4523991,-33.4373462,800.377,1856.0,0.425,0.83,0.55,3.26,6060.0,23.0276091239957
390,HAT-P-65,b,0,1,1,2.60544751,0.04042,18.058,176.07694,315.9054895,11.9893675,738.519,1818.0,0.473,0.164,0.397,3.9,5872.0,23.106123474857473
4947,OGLE-TR-132,b,0,1,1,1.689868,0.03035,13.45,375.02,162.6440933,-61.9572476,2012.62,2013.0,0.371,0.85,0.72,1.2,6210.0,23.138920455823733
461,HATS-68,b,0,1,1,3.5862202,0.05071,13.809,410.0007,15.006077,-58.9047242,603.955,1741.0,0.592,0.856,0.356,3.02,6147.0,23.239538193622952
415,HATS-27,b,0,1,1,4.637038,0.0611,16.814,168.4499,193.5524603,-46.5877159,816.988,1659.0,0.669,0.18,0.379,2.3,6438.0,23.329173971250967
5106,TOI-163,b,0,1,1,4.231306,0.058,16.69,387.7526,79.7682532,-71.8955269,411.719,1669.0,0.636,0.49,0.4518,1.823,6495.0,23.44441350647998
5105,TOI-1601,b,0,1,1,5.33175,0.069,14.199,387.0,38.361569,41.0134321,336.608,1494.0,0.748,0.74,0.1975,2.4,5982.0,24.177754377016424
449,HATS-58 A,b,0,2,1,4.2180896,0.05798,12.274,327.3649,186.7873036,-48.9784105,403.591,1721.0,0.689,0.96,0.702,0.31,7175.0,24.20609077140729
5318,TOI-4153,b,0,1,1,4.6174141,0.06311,16.119,365.50267,335.3934698,82.2160792,423.84,1669.0,0.713,0.477,0.537,0.4,6860.0,24.818706207794587
1843,KELT-4 A,b,0,3,1,2.9895932,0.04317,19.044,286.68266,157.06262,25.5731366,218.05,1823.0,0.535,0.228,0.411,4.44,6206.0,24.970200552727807
5067,TOI-1333,b,0,2,1,4.720219,0.0626,15.648,753.2571,325.0145363,48.4067674,200.492,1679.0,0.713,1.08,0.289,2.33,6274.0,25.531269763657605
374,HAT-P-50,b,0,1,1,3.1220109,0.0453,14.437,429.0705,118.0634379,12.1393474,515.458,1862.0,0.603,0.78,0.357,3.37,6280.0,25.942051937577304
5011,TOI-1107,b,0,1,1,4.0782387,0.0561,14.572,1064.72516,155.6078632,-82.2188693,281.314,1728.0,0.671,1.89,0.337,2.6,6311.0,25.94234999518594
5406,TOI-615,b,0,1,1,4.6615983,0.0678,18.977,138.25536,133.4086892,-40.543701,360.408,1666.0,0.768,0.084,0.276,1.7,6850.0,26.094236151482168
389,HAT-P-64,b,0,1,1,4.007232,0.05387,19.089,184.34048,68.9743955,2.4312732,651.897,1766.0,0.668,0.144,0.35,2.88,6457.0,26.262350328683024
420,HATS-31,b,0,1,1,3.37796,0.0478,18.383,279.6904,191.7028214,-24.4273897,773.974,1823.0,0.619,0.243,0.275,4.3,6050.0,26.418091359775833
431,HATS-41,b,0,1,1,4.193649,0.0583,14.908,3082.951,103.5173558,-27.0504156,737.668,1710.0,0.653,5.1,0.42,1.34,6424.0,26.593882542480443
5204,TOI-2152,b,0,3,1,3.3773512,0.05064,14.359,899.45439,26.3389717,77.7901231,303.006,1802.0,0.653,1.67,0.511,0.83,6630.0,26.806972270602927
5376,TOI-5232,b,0,1,1,4.0966692,0.05593,12.778,743.71847,294.3374248,35.2764934,609.388,1772.0,0.713,1.96,0.344,2.37,6500.0,26.951928505876978
424,HATS-35,b,0,1,1,1.8209993,0.03199,16.41,388.38826,296.688442,-63.5656488,514.555,2037.0,0.465,0.484,0.628,2.13,6300.0,26.995318483878084
5380,TOI-5301,b,0,1,1,5.858858,0.073,13.092,1182.32167,12.9908008,13.0783712,629.161,1648.0,0.816,2.88,0.197,2.43,6240.0,27.100228235985572
5160,TOI-1836,c,0,1,2,1.7727471,0.03089,2.6,8.0,245.9079242,54.6900774,191.649,2008.0,0.57,3.0,0.3897,3.2,6237.0,27.70432805459869
391,HAT-P-66,b,0,1,1,2.972086,0.04363,17.822,248.86089,150.5726262,53.9508237,935.456,1896.0,0.615,0.242,0.269,4.66,6002.0,27.801083804698163
5203,TOI-2145,b,0,1,1,10.261127,0.111,12.419,1767.0,263.7580753,40.6950428,224.731,1363.0,1.007,5.06,0.1142,1.6,6200.0,28.092606995566417
5436,TOI-778,b,0,1,1,4.633611,0.06,15.4,878.0,199.3338503,-15.2737046,161.743,1561.0,0.76,1.3,0.38,1.95,6643.0,28.579986215925572
385,HAT-P-60,b,0,1,1,4.7947813,0.06277,18.282,182.43351,28.2825719,52.0539209,233.22,1772.0,0.809,0.164,0.1909,2.765,6212.0,29.545718704660498
5411,TOI-640,b,0,1,1,5.0037775,0.06608,19.851,279.6904,99.7345935,-36.64613,341.997,1749.0,0.834,0.195,0.24,1.99,6460.0,30.405333100793428
4977,Qatar-7,b,0,1,1,2.032046,0.0352,19.055,597.5204,358.5151344,37.0218242,705.981,2053.0,0.563,0.502,0.521,1.69,6387.0,30.88578135440675
414,HATS-26,b,0,1,1,3.3023881,0.04735,19.616,206.5895,144.9268593,-28.5856004,861.843,1918.0,0.704,0.153,0.218,4.04,6071.0,30.936537296290012
5146,TOI-1789,b,0,1,1,3.208664,0.04882,16.141,222.47988,142.743406,26.5399951,229.067,1927.0,0.736,0.28,0.208,2.73,5991.0,30.960912031849304
457,HATS-64,b,0,1,1,4.908897,0.06562,18.82,305.1168,144.2876092,-29.800444,1080.15,1793.0,0.867,0.245,0.234,1.861,6554.0,32.10234532979699
3970,Kepler-433,b,0,1,1,5.33408384,0.0679,16.25,896.24,297.5936232,40.9772546,1878.31,1776.0,0.88,1.13,0.177,2.67,6360.0,32.27370878978755
460,HATS-67,b,0,1,1,1.6091788,0.03032,18.887,460.8535,180.2087883,-46.1364201,960.109,2193.0,0.547,0.374,0.677,0.51,6594.0,33.30705105781497
1830,KELT-12,b,0,1,1,5.031623,0.06708,19.952,301.9385,267.6404906,36.5701761,368.03,1800.0,0.892,0.209,0.168,2.2,6279.0,33.320819873475735
1833,KELT-16,b,0,2,1,0.9689951,0.02044,15.861,874.0325,314.2685227,31.6610186,444.586,2453.0,0.401,1.2,0.679,3.1,6236.0,34.64320409127852
5246,TOI-2497,b,0,1,1,10.655669,0.1166,11.142,1531.93292,90.0625878,11.8840577,285.289,1595.0,1.167,6.1,0.2,1.0,7360.0,35.114084162419694
5353,TOI-4603,b,0,1,1,7.24599,0.0888,11.68,4096.80817,83.8659288,21.2942417,225.643,1677.0,1.017,14.1,0.1211,1.64,6264.0,35.68669136313652
459,HATS-66,b,0,1,1,3.1414391,0.04714,15.816,1694.0339,101.3948048,-33.8816918,1477.98,1998.0,0.767,2.34,0.318,2.17,6626.0,35.79375298712891
5505,WASP-103,b,0,1,1,0.925542,0.01985,17.127,473.547,249.3148604,7.1833758,375.647,2508.0,0.413,0.55,0.583,4.0,6110.0,35.91967236769432
447,HATS-56,b,0,1,1,4.324799,0.06043,18.921,191.33366,180.165072,-45.7994559,564.409,1902.0,0.898,0.155,0.2079,1.894,6536.0,35.925221945281464
1835,KELT-18,b,0,2,1,2.8717518,0.0455,17.598,375.0394,216.5238248,59.4442735,321.376,2085.0,0.813,0.377,0.3111,1.9,6670.0,38.591008847612066
5575,WASP-18,b,0,2,2,0.94145223,0.02024,13.899,3241.84975,24.3544618,-45.6777937,123.483,2429.0,0.428,6.6,0.795,1.57,6432.0,38.60786345012562
3972,Kepler-435,b,0,1,1,8.6001536,0.0948,22.31,266.97,292.2873012,43.1972542,1418.77,1729.0,1.129,0.131,0.066,2.25,6161.0,39.576458954978115
1834,KELT-17,b,0,1,1,3.0801716,0.04881,17.094,416.3573,125.617407,13.7353093,226.5,2087.0,0.876,0.46,0.518,0.65,7454.0,40.95284512748459
1839,KELT-21,b,0,1,1,3.6127647,0.05224,17.777,1242.7153,304.8000322,32.5810446,470.878,2051.0,0.905,1.24,0.468,1.6,7598.0,42.2820033867032
430,HATS-40,b,0,1,1,3.2642736,0.04997,17.71,505.3497,100.5712467,-29.77678,1342.29,2101.0,0.903,0.49,0.189,2.07,6460.0,42.619120877185594
845,HD 202772 A,b,0,2,1,3.308958,0.05208,17.318,323.23311,319.6995877,-26.6163743,161.498,2132.0,0.971,0.343,0.14,1.7,6272.0,46.41520215764492
316,GPX-1,b,0,1,1,1.744579,0.0338,16.477,6261.21962,38.3691648,56.025708,655.013,2300.0,0.727,8.22242,0.6203,0.27,7000.0,46.42059240239777
77,BD-14 3065 A,b,0,3,1,4.2889731,0.0656,21.59,3932.0,153.6696689,-15.6428372,589.423,2001.0,1.06,2.15,0.223,2.24,6935.0,49.89070081644479
1838,KELT-20,b,0,1,1,3.4741085,0.0542,19.515,1074.90106,294.6614126,31.2192001,136.426,2262.0,1.104,0.806,0.641,0.6,8720.0,60.14415924414326
5083,TOI-1431,b,0,1,1,2.650237,0.046,16.701,991.62463,316.2036922,55.5880221,148.925,2370.0,1.068,1.17,0.37,0.29,7690.0,63.625991721512975
5172,TOI-1994,b,0,1,1,4.0337142,0.0613,13.675,7024.00779,147.1745753,-51.756564,515.603,2290.0,1.223,15.0,0.215,0.94,7700.0,71.60360506382618
1848,KELT-9,b,0,2,1,1.4811235,0.03462,21.196,915.3504,307.8598998,39.9389161,204.455,4050.0,1.724,0.53,0.2702,0.3,10170.0,343.2062718719046
